Text,,,,
Meine Geschäftsadresse ist STREET HOUSENR POSTCODE CITY,STREET,HOUSENR,POSTCODE,CITY
"Meine Postanschrift ist STREET HOUSENR, POSTCODE, CITY.",STREET,HOUSENR,POSTCODE,CITY
"Ich lebe in der HOUSENR STREET, POSTCODE CITY.",STREET,HOUSENR,POSTCODE,CITY
"Meine Adresse lautet HOUSENR STREET, POSTCODE CITY.",STREET,HOUSENR,POSTCODE,CITY
"Es ist STREET HOUSENR, POSTCODE CITY.",STREET,HOUSENR,POSTCODE,CITY
"Lebe in STREET HOUSENR, POSTCODE CITY.",STREET,HOUSENR,POSTCODE,CITY
Ich lebe in STREET HOUSENR.,STREET,HOUSENR,,
Momentan halte ich mich in POSTCODE CITY auf.,,,POSTCODE,CITY
Ich wohne in STREET HOUSENR CITY.,STREET,HOUSENR,,CITY
"Meine primäre Adresse ist STREET HOUSENR, POSTCODE CITY.",STREET,HOUSENR,POSTCODE,CITY
"Momentan ist mein Zuhause in CITY, HOUSENR STREET. ",STREET,HOUSENR,,CITY
Ich bin in der STREET HOUSENR POSTCODE CITY registriert.,STREET,HOUSENR,POSTCODE,CITY
"Schicken Sie meine Post nach CITY (POSTCODE), STREET HOUSENR.",STREET,HOUSENR,POSTCODE,CITY
Ich lebe in STREET HOUSENR in POSTCODE CITY,STREET,HOUSENR,POSTCODE,CITY
"Meine Adresse ist STREET HOUSENR, POSTCODE CITY",STREET,HOUSENR,POSTCODE,CITY
"Ich bin nach POSTCODE CITY gezogen. In die STREET HOUSENR, um genau zu sein.",STREET,HOUSENR,POSTCODE,CITY
"Schicken Sie das zu STREET HOUSENR, POSTCODE CITY",STREET,HOUSENR,POSTCODE,CITY
"Ihr könnt mich in meiner neuen Wohnung finden. Sie ist in STREET HOUSENR, POSTCODE CITY",STREET,HOUSENR,POSTCODE,CITY
Ich bin erst nach CITY in die STREET gezogen.,STREET,,,CITY
Mein neuer Arbeitsplatz ist in der STREET in CITY.,STREET,,,CITY
Triff mich an STREET HOUSENR im Zentrum von CITY,STREET,HOUSENR,,CITY
"Ich lebe jetzt in POSTCODE. Ich brauchte einen Tapetenwechsel, also bin ich dort in die STREET HOUSENR gezogen.",STREET,HOUSENR,POSTCODE,
"Ich kann es kaum erwarten, in der STREET HOUSENR zu arbeiten.",STREET,HOUSENR,,
"Arbeitsanfragen werden zu STREET HOUSENR, POSTCODE CITY geleitet",STREET,HOUSENR,POSTCODE,CITY
"Bitte schick das Packet nach STREET HOUSENR, POSTCODE CITY",STREET,HOUSENR,POSTCODE,CITY
Ich bin so aufgeregt! Ich habe die Wohnung in STREET HOUSENR POSTCODE CITY bekommen.,STREET,HOUSENR,POSTCODE,CITY
"Ich bin gerade erst ins Zentrum von CITY gezogen, kann mir die neue Adresse aber noch nicht merken.",,,,CITY