Text,FIRSTNAME,MIDDLENAME,LASTNAME
Hi! You can call me FIRSTNAME MIDDLENAME LASTNAME.,FIRSTNAME,MIDDLENAME,LASTNAME
My actual name is FIRSTNAME.,FIRSTNAME,,
Oh I actually go by FIRSTNAME MIDDLENAME.,FIRSTNAME,MIDDLENAME,
My name? Please note down FIRSTNAME MIDDLENAME LASTNAME,FIRSTNAME,MIDDLENAME,LASTNAME
"I am happy to meet you, too. You can call me FIRSTNAME.",FIRSTNAME,,
I am Ms LASTNAME,,,LASTNAME
I am Mr LASTNAME,,,LASTNAME
Is there any post for LASTNAME?,,,LASTNAME
You can send the data to FIRSTNAME LASTNAME,FIRSTNAME,,LASTNAME
"I do have a middlename, it's MIDDLENAME",,MIDDLENAME,
Just go to the office with the nametag LASTNAME,,,LASTNAME
Where does FIRSTNAME LASTNAME live?,FIRSTNAME,,LASTNAME
What's the firstname of Ms LASTNAME?,,,LASTNAME
How do I address FIRSTNAME?,FIRSTNAME,,
I am not sure as to when FIRSTNAME LASTNAME has their birthday?,FIRSTNAME,,LASTNAME
Do you think FIRSTNAME will come?,FIRSTNAME,,
Is Mr LASTNAME late again?,,,LASTNAME
I don't think Ms LASTNAME is in the office today. I saw there are holidays booked for FIRSTNAME MIDDLENAME LASTNAME,FIRSTNAME,MIDDLENAME,LASTNAME
My new project partner is FIRSTNAME. I'm really looking forward to working with them.,FIRSTNAME,,
I can't belive Mr LASTNAME gave me this job!,,,LASTNAME
My middle name is MIDDLENAME. It's taken after my late grandparents.,,MIDDLENAME,
Your middle name is MIDDLENAME? I can't believe I did not know!,,MIDDLENAME,
"Hi, my name is FIRSTNAME MIDDLENAME LASTNAME.",FIRSTNAME,MIDDLENAME,LASTNAME
Nice to meet you. I am FIRSTNAME.,FIRSTNAME,,
Please send all business inquiries to FIRSTNAME MIDDLENAME LASTNAME,FIRSTNAME,MIDDLENAME,LASTNAME
I will take my spouse's name. Soon I will be Mr LASTNAME,,,LASTNAME
My nametag says FIRSTNAME LASTNAME.,FIRSTNAME,,LASTNAME
Please call me FIRSTNAME MIDDLENAME LASTNAME,FIRSTNAME,MIDDLENAME,LASTNAME
I am addressed as FIRSTNAME MIDDLENAME LASTNAME.,FIRSTNAME,MIDDLENAME,LASTNAME
People call me FIRSTNAME MIDDLENAMELASTNAME,FIRSTNAME,MIDDLENAME,LASTNAME