Text,FIRSTNAME,MIDDLENAME,LASTNAME
I'm FIRSTNAME MIDDLENAME LASTNAME,FIRSTNAME,MIDDLENAME,LASTNAME
I'm FIRSTNAME LASTNAME,FIRSTNAME,,LASTNAME
I'm FIRSTNAME,FIRSTNAME,,
I'm Ms LASTNAME,,,LASTNAME
I'm Mr LASTNAME,,,LASTNAME
My name's FIRSTNAME MIDDLENAME LASTNAME,FIRSTNAME,MIDDLENAME,LASTNAME
My name's FIRSTNAME LASTNAME,FIRSTNAME,,LASTNAME
My name's FIRSTNAME,FIRSTNAME,,
My name's Ms LASTNAME,,,LASTNAME
My name's Mr LASTNAME,,,LASTNAME
Call me FIRSTNAME MIDDLENAME LASTNAME,FIRSTNAME,MIDDLENAME,LASTNAME
Call me FIRSTNAME LASTNAME,FIRSTNAME,,LASTNAME
Call me FIRSTNAME,FIRSTNAME,,
Call me Ms LASTNAME,,,LASTNAME
Call me Mr LASTNAME,,,LASTNAME