Text,STREET,HOUSENR,POSTCODE,CITY
My working address is STREET HOUSENR POSTCODE CITY,STREET,HOUSENR,POSTCODE,CITY
"My mailing address is STREET HOUSENR, POSTCODE, CITY.",STREET,HOUSENR,POSTCODE,CITY
"I am living in HOUSENR STREET, POSTCODE CITY.",STREET,HOUSENR,POSTCODE,CITY
"My address is HOUSENR STREET, POSTCODE CITY.",STREET,HOUSENR,POSTCODE,CITY
"It's STREET HOUSENR, POSTCODE CITY.",STREET,HOUSENR,POSTCODE,CITY
"Living in STREET HOUSENR, POSTCODE CITY.",STREET,HOUSENR,POSTCODE,CITY
I live in STREET HOUSENR.,STREET,HOUSENR,,
I am currently residing in POSTCODE CITY.,,,POSTCODE,CITY
I reside at STREET HOUSENR CITY.,STREET,HOUSENR,,CITY
"My main address is STREET HOUSENR, POSTCODE CITY.",STREET,HOUSENR,POSTCODE,CITY
"Currently, my residence is CITY, HOUSENR STREET. ",STREET,HOUSENR,,CITY
I am registered at STREET HOUSENR POSTCODE CITY.,STREET,HOUSENR,POSTCODE,CITY
"Send my post to CITY (POSTCODE), STREET HOUSENR.",STREET,HOUSENR,POSTCODE,CITY
I live in STREET HOUSENR in POSTCODE CITY,STREET,HOUSENR,POSTCODE,CITY
"My address is STREET HOUSENR, POSTCODE CITY",STREET,HOUSENR,POSTCODE,CITY
"I moved to POSTCODE CITY. In STREET HOUSENR, to be exact.",STREET,HOUSENR,POSTCODE,CITY
"Please mail this to STREET HOUSENR, POSTCODE CITY",STREET,HOUSENR,POSTCODE,CITY
"STREET HOUSENR, POSTCODE CITY",STREET,HOUSENR,POSTCODE,CITY
"CITY, POSTCODE, STREET HOUSENR ",STREET,HOUSENR,POSTCODE,CITY
"POSTCODE, CITY, HOUSENR, STREET",STREET,HOUSENR,POSTCODE,CITY
"You can find me at my new place. It's at STREET HOUSENR, POSTCODE CITY",STREET,HOUSENR,POSTCODE,CITY
I recently moved to CITY into the STREET. ,STREET,,,CITY
My new workplace is in the STREET of CITY.,STREET,,,CITY
Please find me at STREET HOUSENR in the center of CITY,STREET,HOUSENR,,CITY
I am living in POSTCODE now. Felt like a change of scenery was needed so I moved to STREET HOUSENR there. ,STREET,HOUSENR,POSTCODE,
Cannot wait to finally work at STREET HOUSENR.,STREET,HOUSENR,,
"Work inquiries go to STREET HOUSENR, POSTCODE CITY",STREET,HOUSENR,POSTCODE,CITY
"Please send the package to STREET HOUSENR, POSTCODE CITY",STREET,HOUSENR,POSTCODE,CITY
I'm so excited! I got the flat in STREET HOUSENR POSTCODE CITY.,STREET,HOUSENR,POSTCODE,CITY
"I recently moved to the inner city of CITY, but I cannot remember the exact address just yet.",,,,CITY